{
  "source": "/Users/sambrause/Downloads/1727716978-botox-photos-1094.jpeg",
  "strength": 1.0,
  "beforeRegion": {
    "sourceRegion": "left-panel",
    "autoPanelDetected": true,
    "panelSplitX": 800,
    "inputSize": [
      1600,
      1200
    ],
    "cropSize": [
      793,
      1122
    ]
  },
  "afterRegion": {
    "sourceRegion": "right-panel",
    "autoPanelDetected": true,
    "panelSplitX": 800,
    "inputSize": [
      1600,
      1200
    ],
    "cropSize": [
      793,
      1122
    ]
  },
  "alignment": {
    "alignment": "ecc-affine",
    "ecc": 0.5352542681482556,
    "warp": [
      [
        1.0979667901992798,
        0.001030558836646378,
        -21.915136337280273
      ],
      [
        -0.061167094856500626,
        1.0225459337234497,
        -3.375821828842163
      ]
    ]
  },
  "detection": {
    "wrinklePathSource": "detected-creases-periocular-v3",
    "roiSource": "eye-cascade",
    "pathCount": 14,
    "eyeBox": [
      436,
      467,
      161,
      161
    ],
    "outerCanthus": [
      436,
      539
    ]
  },
  "pathCount": 14,
  "lateralFoldMask": "/Users/sambrause/Documents/GitHub/dashboard-unified-ts-merged/public/demo-3d/wrinkle-treatment-simulation/botox-example-02-v2-lateral-fold-mask.jpg",
  "metrics": {
    "before": {
      "creaseMean": 14.030718803405762,
      "creaseP90": 32.0,
      "horizontalP90": 35.0,
      "textureStd": 31.095285415649414
    },
    "groundTruthAfter": {
      "creaseMean": 11.949453353881836,
      "creaseP90": 26.0,
      "horizontalP90": 30.0,
      "textureStd": 27.394969940185547
    },
    "simulation": {
      "creaseMean": 8.014305114746094,
      "creaseP90": 19.0,
      "horizontalP90": 22.0,
      "textureStd": 19.211944580078125
    },
    "groundTruthReduction": {
      "creaseMean": 0.1483363381937871,
      "creaseP90": 0.1875,
      "horizontalP90": 0.1428571428571429,
      "textureStd": 0.11899924461222666
    },
    "simulationReduction": {
      "creaseMean": 0.4288029553553071,
      "creaseP90": 0.40625,
      "horizontalP90": 0.37142857142857144,
      "textureStd": 0.38215892463205137
    },
    "remainingGap": {
      "creaseMean": -0.28046661716152,
      "creaseP90": -0.21875,
      "horizontalP90": -0.22857142857142854,
      "textureStd": -0.2631596800198247
    },
    "zones": {
      "allTreatment": {
        "before": {
          "creaseMean": 14.030718803405762,
          "creaseP90": 32.0,
          "horizontalP90": 35.0,
          "textureStd": 31.095285415649414
        },
        "groundTruthAfter": {
          "creaseMean": 11.949453353881836,
          "creaseP90": 26.0,
          "horizontalP90": 30.0,
          "textureStd": 27.394969940185547
        },
        "simulation": {
          "creaseMean": 8.014305114746094,
          "creaseP90": 19.0,
          "horizontalP90": 22.0,
          "textureStd": 19.211944580078125
        },
        "groundTruthReduction": {
          "creaseMean": 0.1483363381937871,
          "creaseP90": 0.1875,
          "horizontalP90": 0.1428571428571429,
          "textureStd": 0.11899924461222666
        },
        "simulationReduction": {
          "creaseMean": 0.4288029553553071,
          "creaseP90": 0.40625,
          "horizontalP90": 0.37142857142857144,
          "textureStd": 0.38215892463205137
        }
      },
      "forehead": {
        "before": {
          "creaseMean": 12.146366119384766,
          "creaseP90": 26.0,
          "horizontalP90": 25.0,
          "textureStd": 29.21194839477539
        },
        "groundTruthAfter": {
          "creaseMean": 12.537849426269531,
          "creaseP90": 26.0,
          "horizontalP90": 28.0,
          "textureStd": 27.4583683013916
        },
        "simulation": {
          "creaseMean": 5.083147048950195,
          "creaseP90": 11.0,
          "horizontalP90": 11.0,
          "textureStd": 11.832290649414062
        },
        "groundTruthReduction": {
          "creaseMean": -0.03223048795309946,
          "creaseP90": 0.0,
          "horizontalP90": -0.1200000000000001,
          "textureStd": 0.060029549199717924
        },
        "simulationReduction": {
          "creaseMean": 0.5815088233806948,
          "creaseP90": 0.5769230769230769,
          "horizontalP90": 0.56,
          "textureStd": 0.5949503097324966
        }
      },
      "crowsFeet": {
        "before": {
          "creaseMean": 18.592317581176758,
          "creaseP90": 46.0,
          "horizontalP90": 61.0,
          "textureStd": 35.38265609741211
        },
        "groundTruthAfter": {
          "creaseMean": 12.24976921081543,
          "creaseP90": 31.0,
          "horizontalP90": 40.0,
          "textureStd": 28.103412628173828
        },
        "simulation": {
          "creaseMean": 14.467369079589844,
          "creaseP90": 38.0,
          "horizontalP90": 47.0,
          "textureStd": 29.662363052368164
        },
        "groundTruthReduction": {
          "creaseMean": 0.3411381256085392,
          "creaseP90": 0.32608695652173914,
          "horizontalP90": 0.34426229508196726,
          "textureStd": 0.20572914167884315
        },
        "simulationReduction": {
          "creaseMean": 0.22186306164235792,
          "creaseP90": 0.17391304347826086,
          "horizontalP90": 0.2295081967213115,
          "textureStd": 0.16166940744344882
        }
      },
      "underEye": {
        "before": {
          "creaseMean": 19.290098190307617,
          "creaseP90": 29.0,
          "horizontalP90": 48.0,
          "textureStd": 8.993048667907715
        },
        "groundTruthAfter": {
          "creaseMean": 4.172942638397217,
          "creaseP90": 8.0,
          "horizontalP90": 17.0,
          "textureStd": 7.184610366821289
        },
        "simulation": {
          "creaseMean": 14.019525527954102,
          "creaseP90": 20.0,
          "horizontalP90": 38.0,
          "textureStd": 5.326456069946289
        },
        "groundTruthReduction": {
          "creaseMean": 0.7836743702790518,
          "creaseP90": 0.7241379310344828,
          "horizontalP90": 0.6458333333333333,
          "textureStd": 0.20109290718507467
        },
        "simulationReduction": {
          "creaseMean": 0.2732268446928764,
          "creaseP90": 0.31034482758620685,
          "horizontalP90": 0.20833333333333337,
          "textureStd": 0.40771408377293705
        }
      },
      "lateralCanthusFold": {
        "before": {
          "creaseMean": 13.303908348083496,
          "creaseP90": 29.0,
          "horizontalP90": 56.0,
          "textureStd": 10.536885261535645
        },
        "groundTruthAfter": {
          "creaseMean": 6.640787124633789,
          "creaseP90": 15.0,
          "horizontalP90": 25.0,
          "textureStd": 11.89776611328125
        },
        "simulation": {
          "creaseMean": 7.122307777404785,
          "creaseP90": 21.0,
          "horizontalP90": 33.0,
          "textureStd": 5.681275844573975
        },
        "groundTruthReduction": {
          "creaseMean": 0.5008393811138641,
          "creaseP90": 0.48275862068965514,
          "horizontalP90": 0.5535714285714286,
          "textureStd": -0.12915399740694067
        },
        "simulationReduction": {
          "creaseMean": 0.4646454567292029,
          "creaseP90": 0.27586206896551724,
          "horizontalP90": 0.4107142857142857,
          "textureStd": 0.46082018513448386
        }
      }
    }
  }
}
